﻿{
  "info": {
    "name": "Default Theme By AlexaFramework",
    "version": "1.0.0",
    "autor": "Luis Alan Baquedano Cruz",
    "url": "www.alexaframework.com",
    "update": "www.alexaframework.com/theme/"
  },
  "design": [
    {
      "name": "login",
      "path": "design/login.html",
      "title": "Iniciar Sesion",
      "login": 0
    },
    {
      "name": "dashboard",
      "path": "design/dashboard.html",
      "title": "Panel Administrativo",
      "login": 1
    },
    {
      "name": "register",
      "path": "design/register.html",
      "title": "Registrar una Cuenta Nueva",
      "login": 0
    }
  ]
}